"Part";"Value";"Device";"Package";"Description";"1KPRICE";"100PCPRICE";"AMPN";"BASIC";"DONOTPLACE";"JLC";"MF";"MPN";"OC_FARNELL";"OC_NEWARK";"OLDMPN";"SHOW";
"C1";"100nF";"C-EUC0402";"C0402";"CAPACITOR, European symbol";"";"";"";"YES";"";"C1525";"";"Samsung CL05B104KO5NNNC";"";"";"";"";
"C2";"3.3pF";"C-USC0402K";"C0402K";"CAPACITOR, American symbol";"";"";"";"NO";"";"C1565";"";" FH(Guangdong Fenghua Advanced Tech) 0402CG3R3C500NT";"";"";"";"";
"C3";"22uF";"C-EUC0603";"C0603";"CAPACITOR, European symbol";"";"";"";"YES";"";"C59461";"";"Samsung CL10A226MQ8NRNC";"";"";"";"";
"C4";"100nF";"C-EUC0402";"C0402";"CAPACITOR, European symbol";"";"";"";"YES";"";"C1525";"";"Samsung CL05B104KO5NNNC";"";"";"";"";
"C5";"100nF";"C-EUC0402";"C0402";"CAPACITOR, European symbol";"";"";"";"YES";"";"C1525";"";"Samsung CL05B104KO5NNNC";"";"";"";"";
"C6";"100nF";"C-EUC0402";"C0402";"CAPACITOR, European symbol";"";"";"";"YES";"";"C1525";"";"Samsung CL05B104KO5NNNC";"";"";"";"";
"C7";"6pF";"C-EUC0402";"C0402";"CAPACITOR, European symbol";"";"";"";"YES";"";"C30274";"";"Guangdong Fenghua Advanced Tech 0402CG6R0C500NT  ";"";"";"";"";
"C8";"2.7pF";"C-EUC0402";"C0402";"CAPACITOR, European symbol";"";"";"";"YES";"";"C16149";"";"Samsung CL10C2R7CB8NNNC";"";"";"";"";
"C9";"3.3pF";"C-USC0402K";"C0402K";"CAPACITOR, American symbol";"";"";"";"NO";"";"C1565";"";" FH(Guangdong Fenghua Advanced Tech) 0402CG3R3C500NT";"";"";"";"";
"C10";"100nF";"C-EUC0402";"C0402";"CAPACITOR, European symbol";"";"";"";"YES";"";"C1525";"";"Samsung CL05B104KO5NNNC";"";"";"";"";
"C11";"100nF";"C-EUC0402";"C0402";"CAPACITOR, European symbol";"";"";"";"YES";"";"C1525";"";"Samsung CL05B104KO5NNNC";"";"";"";"";
"C12";"3.3pF";"C-USC0402K";"C0402K";"CAPACITOR, American symbol";"";"";"";"YES";"";"C1565";"";" FH(Guangdong Fenghua Advanced Tech) 0402CG3R3C500NT";"";"";"";"";
"C13";"100pF";"C-EUC0402";"C0402";"CAPACITOR, European symbol";"";"";"";"YES";"";"C1546";"";"Guangdong Fenghua Advanced Tech 0402CG101J500NT  ";"";"";"";"";
"C14";"100pF";"C-EUC0402";"C0402";"CAPACITOR, European symbol";"";"";"";"YES";"";"C1546";"";"Guangdong Fenghua Advanced Tech 0402CG101J500NT  ";"";"";"";"";
"C15";"22uF/6.3V";"C-USC0603K";"C0603K";"CAPACITOR, American symbol";".271";"";"";"YES";"";"C59461";"";"Samsung CL10A226MQ8NRNC";"";"";"Murata GRM21BR61A476ME15L";"";
"C16";"12pF";"C-EUC0603";"C0603";"CAPACITOR, European symbol";"";"";"";"YES";"";"C38523";"";"Samsung CL10C120JB8NNNC  ";"";"";"";"";
"C17";"12pF";"C-EUC0603";"C0603";"CAPACITOR, European symbol";"";"";"";"YES";"";"C38523";"";"Samsung CL10C120JB8NNNC  ";"";"";"";"";
"C18";"100nF";"C-EUC0402";"C0402";"CAPACITOR, European symbol";"";"";"";"YES";"";"C1525";"";"Samsung CL05B104KO5NNNC";"";"";"";"";
"C19";"100nF";"C-EUC0402";"C0402";"CAPACITOR, European symbol";"";"";"";"YES";"";"C1525";"";"Samsung CL05B104KO5NNNC";"";"";"";"";
"C20";"1uF";"C-EUC0603";"C0603";"CAPACITOR, European symbol";"";"";"";"YES";"";"C15849";"";"CL10A105KB8NNNC";"";"";"";"";
"C21";"22uF/6.3V";"C-USC0603K";"C0603K";"CAPACITOR, American symbol";".271";"";"";"YES";"";"C59461";"";"Samsung CL10A226MQ8NRNC";"";"";"Murata GRM21BR61A476ME15L";"";
"C22";"100nF";"C-EUC0402";"C0402";"CAPACITOR, European symbol";"";"";"";"YES";"";"C1525";"";"Samsung CL05B104KO5NNNC";"";"";"";"";
"C23";"100nF";"C-EUC0402";"C0402";"CAPACITOR, European symbol";"";"";"";"YES";"";"C1525";"";"Samsung CL05B104KO5NNNC";"";"";"";"";
"C24";"100nF";"C-EUC0402";"C0402";"CAPACITOR, European symbol";"";"";"";"YES";"";"C1525";"";"Samsung CL05B104KO5NNNC";"";"";"";"";
"C25";"100nF";"C-EUC0402";"C0402";"CAPACITOR, European symbol";"";"";"";"YES";"";"C1525";"";"Samsung CL05B104KO5NNNC";"";"";"";"";
"C26";"100nF";"C-EUC0402";"C0402";"CAPACITOR, European symbol";"";"";"";"YES";"";"C1525";"";"Samsung CL05B104KO5NNNC";"";"";"";"";
"C27";"10uF/25V";"C-USC0805K";"C0805K";"CAPACITOR, American symbol";".271";"";"";"YES";"";"C15850";"";"Samsung CL21A106KAYNNNE";"";"";"Murata GRM21BR61A476ME15L";"";
"C28";"10uF/25V";"C-USC0805K";"C0805K";"CAPACITOR, American symbol";".271";"";"";"YES";"";"C15850";"";"Samsung CL21A106KAYNNNE";"";"";"Murata GRM21BR61A476ME15L";"";
"C29";"100p";"TIMS_INDUCTOR_C-USC0402";"TIMS_INDUCTOR_C0402";"CAPACITOR, American symbol";"";"";"";"YES";"";"C1546";"";"Guangdong Fenghua Advanced Tech 0402CG101J500NT";"";"";"Kemet C0805C104K5RACTU";"";
"C30";"10uF/25V";"C-EUC0805K";"C0805K";"CAPACITOR, European symbol";"";"";"";"YES";"";"C15850";"";"Samsung CL21A106KAYNNNE";"";"";"";"";
"C31";"10uF/25V";"C-EUC0805K";"C0805K";"CAPACITOR, European symbol";"";"";"";"YES";"";"C15850";"";"Samsung CL21A106KAYNNNE";"";"";"";"";
"C32";"100nF";"C-EUC0402";"C0402";"CAPACITOR, European symbol";"";"";"";"YES";"";"C1525";"";"Samsung CL05B104KO5NNNC";"";"";"";"";
"C33";"100nF";"C-EUC0402";"C0402";"CAPACITOR, European symbol";"";"";"";"YES";"";"C1525";"";"Samsung CL05B104KO5NNNC";"";"";"";"";
"C34";"10uF/25V";"C-USC0805K";"C0805K";"CAPACITOR, American symbol";".271";"";"";"YES";"";"C15850";"";"Samsung CL21A106KAYNNNE";"";"";"Murata GRM21BR61A476ME15L";"";
"C35";"100nF";"C-EUC0402";"C0402";"CAPACITOR, European symbol";"";"";"";"YES";"";"C1525";"";"Samsung CL05B104KO5NNNC";"";"";"";"";
"C36";"22uF/6.3V";"C-USC0603";"C0603";"CAPACITOR, American symbol";".271";"";"";"YES";"";"C59461";"";"Samsung CL10A226MQ8NRNC";"";"";"Murata GRM21BR61A476ME15L";"";
"CAPSW1";"TI-CAP-SWITCH-RECT";"TI-CAP-SWITCH-RECT";"CAP-SWITCH-SMALLSQUARE";"Sensor for TI micros using PCB and human as a capacitor";"";"";"";"";"";"";"";"";"";"";"";"";
"CON1";"GCT-BF095-10";"GCT-BF095-10";"GCT-BF085-10";"GCT Bf095 series 2.00mm 2mm socket";"";"";"";"";"YES";"";"";"";"";"";"";"";
"CON2";"JTAG-TC2050-IDC";"JTAG-TC2050-GOODPINNAME";"JTAG-TC2050-IDC-NLF";"JTAG-TC2050-IDC-NLFP for jtag 10 conductor cable";"";"";"";"";"YES";"";"";"";"";"";"";"";
"CON3";"GCT-BF021-10";"GCT-BF021-10";"GCT-BF021-10";"GCT BF021-10 also Sullins 40 pos header NRPN401PARN-RC";"";"";"";"";"YES";"";"";"";"";"";"";"";
"D1";"BAT54S";"BAT54S";"SOT23";"Schottky Diodes";"";"";"";"NO";"";"C83574";"";"Diodes Incorporated BAT54S-7-F ";"";"";"";"";
"D2";"B5819W";"CGRM4001-G";"SOD-123_MINI-SMA";"Molded plasitc,JEDEC SOD-123/Mini SMA";"";"";"";"YES";"";"C8598";"";"Changjiang Electronics Tech (CJ) B5819W";"";"";"";"";
"D3";"SS54";"CDBA140-G";"DO214AC";"Comchip CDBA140-G";".068";".187";"";"YES";"";"C22452";"";"MDD)icrodiode Electronics) SS54";"";"";"";"";
"D4";"BAT54S";"BAT54S";"SOT23";"Schottky Diodes";"";"";"";"NO";"";"C83574";"";"Diodes Incorporated BAT54S-7-F ";"";"";"";"";
"D5";"BAT54S";"BAT54S";"SOT23";"Schottky Diodes";"";"";"";"NO";"";"C83574";"";"Diodes Incorporated BAT54S-7-F ";"";"";"";"";
"D6";"SS54";"CDBA140-G";"DO214AC";"Comchip CDBA140-G";".068";".187";"";"YES";"";"C22452";"";"MDD)icrodiode Electronics) SS54";"";"";"";"";
"D7";"ZMM3V3";"ZENER-DIODESOD80C";"SOD80C";"Z-Diode";"";"";"";"YES";"";"C8056";"";"Semtech ZMM3V3";"";"";"";"";
"F1";"1A FB 67mohm";"TE-0603SFV125F";"TE-0603SFV125F";"TE connectivity pn 0603SFV125F";".134";".20";"";"NO";"";"C163118";"";"TA-I Tech CFS06V3T1R0";"";"";"";"";
"F2";"1A FB 67mohm";"TE-0603SFV125F";"TE-0603SFV125F";"TE connectivity pn 0603SFV125F";".134";".20";"";"NO";"";"C163118";"";"TA-I Tech CFS06V3T1R0";"";"";"";"";
"FAN2";"30MMFAN-TH";"30MMFAN-TH";"30MMFAN-TH";"";"";"";"";"";"";"";"";"";"";"";"";"";
"GND";"LSP10";"LSP10";"LSP10";"SOLDER PAD drill 1.0 mm, distributor Buerklin, 12H555";"";"";"";"";"YES";"";"";"";"";"";"";"";
"H1";"MOUNT-HOLE2.8";"MOUNT-HOLE2.8";"2,8";"MOUNTING HOLE with drill center marker";"";"";"";"";"";"";"";"";"";"";"";"";
"H2";"MOUNT-HOLE2.8";"MOUNT-HOLE2.8";"2,8";"MOUNTING HOLE with drill center marker";"";"";"";"";"";"";"";"";"";"";"";"";
"H3";"MOUNT-HOLE2.8";"MOUNT-HOLE2.8";"2,8";"MOUNTING HOLE with drill center marker";"";"";"";"";"";"";"";"";"";"";"";"";
"H4";"MOUNT-HOLE2.8";"MOUNT-HOLE2.8";"2,8";"MOUNTING HOLE with drill center marker";"";"";"";"";"";"";"";"";"";"";"";"";
"HI-FAN";"LSP10";"LSP10";"LSP10";"SOLDER PAD drill 1.0 mm, distributor Buerklin, 12H555";"";"";"";"";"";"";"";"";"";"";"";"";
"IC2";"CC1310F128RGZT-GNDPLANE";"CC1310F128RGZT-GNDPLANE";"QFN50P700X700X100-49N-WGNDPLANE";"";"";"";"";"NO";"";"C84353";"";"";"";"";"";"";
"IC3";"REF3033";"MAX6520";"SOT23";"1.2V Voltage Reference 50ppm/�C, SOT23, 3-Terminal";".675";"1.25";"";"NO";"";"C36658";"MAXIM";"TI REF3033AIDBZR";"unknown";"02J4586";"";"";
"IC4";"AP2202K-3.3TRG1";"MIC5205";"SOT23-5";"VOLTAGE REGULATOR";".103";".23";"";"NO";"";"C150442";"Diodes INc";"Diodes AP2202K-3.3TRG1";"1100656";"09J8939";"";"";
"IC5";"MX25R8035F";"MX25R8035F";"SOIC8";"MX25R8035F - Macronix";"";"";"";"NO";"";"C152606";"";"MXIC(Macronix) MX25R8035FM1IH1";"";"";"";"";
"IC6";"ESD5V3U4RRS";"ESD5V3U4RRS";"SOT363";"International Rectifier ESD5V3U4RRS in";"";"";"";"NO";"";"C157364";"";"International Rectifier ESD5V3U4RRS";"";"";"";"";
"IC8";"CD4051";"CD4051";"SO16";"";"";"";"";"YES";"";"C21379";"";"Texas Instruments CD4051BM96";"";"";"";"";
"L1";"6.8nH";"US-INDUCTOR-0402";"C0402";"SMT Inductor in 0402 case";"";"";"";"YES";"";"C32041";"";"Sunlord SDCL1005C6N8JTDF";"";"";"";"";
"L2";"6.8nH";"US-INDUCTOR-0402";"C0402";"SMT Inductor in 0402 case";"";"";"";"YES";"";"C32041";"";"Sunlord SDCL1005C6N8JTDF";"";"";"";"";
"L3";"7.5nH";"US-INDUCTOR-0402";"C0402";"SMT Inductor in 0402 case";"";"";"";"NO";"";"C87536";"";"TDK MLG1005S7N5JT000";"";"";"";"";
"L4";"27nH";"US-INDUCTOR-0402";"C0402";"SMT Inductor in 0402 case";"";"";"";"YES";"";"C12100";"";"Sunlord SDCL1608C27NJTDF";"";"";"";"";
"L5";"7.5nH";"US-INDUCTOR-0402";"C0402";"SMT Inductor in 0402 case";"";"";"";"NO";"";"C87536";"";"TDK MLG1005S7N5JT000";"";"";"";"";
"L6";"600@100Mhz";"FERRITE-BEAD-0805";"C0805K";"Ferrite SMT bead in 0805 or 2012 metric - inductor";".10";".136";"";"YES";"";"C1017";"";"Sunlord GZ2012D601TF";"";"";"";"";
"L7";"600@100Mhz";"FERRITE-BEAD-0805";"C0805K";"Ferrite SMT bead in 0805 or 2012 metric - inductor";".10";".136";"";"YES";"";"C1017";"";"Sunlord GZ2012D601TF";"";"";"";"";
"L8";"600@100Mhz";"FERRITE-BEAD-0805";"C0805K";"Ferrite SMT bead in 0805 or 2012 metric - inductor";".10";".136";"";"YES";"";"C1017";"";"Sunlord GZ2012D601TF";"";"";"";"";
"LED1";""TX-RX-GRN"";"LEDSML0805";"SML0805";"LED";"";"";"Osram LY R971-KN-1";"YES";"";"C2297";"";"HUBEI KENTO GREEN";"";"";"";"";
"LED2";""FAULT-RED"";"LEDSML0805";"SML0805";"LED";"";"";"";"YES";"";"C84256";"";"Foshan FC-2012HRK-620D";"";"";"";"";
"LED3";""BALANCE - YEL"";"LEDSML0805";"SML0805";"LED";"";"";"Osram LY R976-PS-36";"YES";"";"C2296";"";"HUBEI KENTO 17-21SUYC/TR8";"";"";"";"";
"NTC-AMB";"100K";"VARISTORCN0402";"CT/CN0402";"VARISTOR";"";"";"";"NO";"";"C77130";"";"Murata NCP15WF104F03RC";"";"";"";"";
"PCB-ANTENNA";"DNM";"LSP10";"LSP10";"SOLDER PAD drill 1.0 mm, distributor Buerklin, 12H555";"";"";"";"";"YES";"";"";"";"";"";"";"";
"POT1";""V-BALANCE"";"BOURNS-3361-RA";"BOURNS-3361-RA";"Bourns 1/4" square SMD trimpot pot trimming potentiometer in right angle mount";"";"";"";"";"YES";"";"";"Bourns 3361S-1-104GLF";"";"";"";"";
"PTC1";".75A/33V";"VARISTORCN1812";"CT/CN1812";"VARISTOR";"";"";"";"NO";"";"C220153";"";"Fuzetec Tech FSMD075-33R";"";"";"";"";
"PTC2";".75A/33V";"VARISTORCN1812";"CT/CN1812";"VARISTOR";"";"";"";"NO";"";"C220153";"";"Fuzetec Tech FSMD075-33R";"";"";"";"";
"Q1";"AO3400A";"IRLML2060TRPBF";"SOT23";"IR IRLML2060TRPbF";".11";".144";"";"YES";"";"C20917";"";"Alpha & Omega Semicon AO3400A";"";"";"IR IRLML2502TRPBF";"AO3400A";
"Q2";"AO3401A";"AO3407A";"SOT23-BIGPADS";"P channel MOSFET or pmos with larger pads in SOT23 or SOT-23 3 in package";"";"";"";"YES";"";"C15127";"";"Alpha & Omega Semicon/AOS AO3401A";"";"";"";"";
"Q3";"AO3400A";"IRLML2060TRPBF";"SOT23";"IR IRLML2060TRPbF";".11";".144";"";"YES";"";"C20917";"";"Alpha & Omega Semicon AO3400A";"";"";"IR IRLML2502TRPBF";"AO3400A";
"Q4";"AO3401A";"AO3407A";"SOT23-BIGPADS";"P channel MOSFET or pmos with larger pads in SOT23 or SOT-23 3 in package";"";"";"";"YES";"";"C15127";"";"Alpha & Omega Semicon/AOS AO3401A";"";"";"";"";
"Q5";"AO3400A";"IRLML2060TRPBF";"SOT23";"IR IRLML2060TRPbF";".11";".144";"";"YES";"";"C20917";"";"Alpha & Omega Semicon AO3400A";"";"";"IR IRLML2502TRPBF";"AO3400A";
"Q6";"AO3400A";"IRLML2060TRPBF";"SOT23";"IR IRLML2060TRPbF";".11";".144";"";"YES";"";"C20917";"";"Alpha & Omega Semicon AO3400A";"";"";"IR IRLML2502TRPBF";"AO3400A";
"R1";"330";"R-US_R0603";"R0603";"RESISTOR, American symbol";"";"";"";"YES";"";"C23138";"";"0603WAF3300T5E";"";"";"";"";
"R2";"200k";"R-US_R0402";"R0402";"RESISTOR, American symbol";".007";".018";"";"YES";"";"C25764";"";"Uniroyal Elec 0402WGF2003TCE";"";"";"Bourns CR0603-FX-2003ELF";"";
"R4";"100k";"R-US_R0402";"R0402";"RESISTOR, American symbol";"";"";"";"YES";"";"C25741";"";"0402WGF1003TCE";"";"";"";"";
"R6";"330";"R-US_R0603";"R0603";"RESISTOR, American symbol";"";"";"";"YES";"";"C23138";"";"0603WAF3300T5E";"";"";"";"";
"R7";"1K";"R-US_R0402";"R0402";"RESISTOR, American symbol";"";"";"";"YES";"";"C11702";"";"UNI-ROYAL 0402WGF1001TCE";"";"";"";"";
"R8";"1M";"R-US_R0402";"R0402";"RESISTOR, American symbol";"";"";"";"YES";"";"C26083";"";"0402WGF1004TCE";"";"";"";"";
"R9";"1K";"R-US_R0402";"R0402";"RESISTOR, American symbol";"";"";"";"YES";"";"C11702";"";"UNI-ROYAL 0402WGF1001TCE";"";"";"";"";
"R10";"1M";"R-US_R0402";"R0402";"RESISTOR, American symbol";"";"";"";"YES";"";"C26083";"";"0402WGF1004TCE";"";"";"";"";
"R11";"1K";"R-US_R0402";"R0402";"RESISTOR, American symbol";"";"";"";"YES";"";"C11702";"";"UNI-ROYAL 0402WGF1001TCE";"";"";"";"";
"R12";"1K";"R-US_R0402";"R0402";"RESISTOR, American symbol";"";"";"";"YES";"";"C11702";"";"UNI-ROYAL 0402WGF1001TCE";"";"";"";"";
"R13";"330";"R-US_R0603";"R0603";"RESISTOR, American symbol";"";"";"";"YES";"";"C23138";"";"0603WAF3300T5E";"";"";"";"";
"R14";"1K";"R-US_R0402";"R0402";"RESISTOR, American symbol";"";"";"";"YES";"";"C11702";"";"UNI-ROYAL 0402WGF1001TCE";"";"";"";"";
"R15";"1K";"R-US_R0402";"R0402";"RESISTOR, American symbol";"";"";"";"YES";"";"C11702";"";"UNI-ROYAL 0402WGF1001TCE";"";"";"";"";
"R16";"1.8pF";"C-EUC0402";"C0402";"CAPACITOR, European symbol";"";"";"";"YES";"";"C1558";"";" FH(Guangdong Fenghua Advanced Tech) 0402CG2R0C500NT";"";"";"";"";
"R17";"1K";"R-US_R0402";"R0402";"RESISTOR, American symbol";"";"";"";"YES";"";"C11702";"";"UNI-ROYAL 0402WGF1001TCE";"";"";"";"";
"R18";"1K";"R-US_R0402";"R0402";"RESISTOR, American symbol";"";"";"";"YES";"";"C11702";"";"UNI-ROYAL 0402WGF1001TCE";"";"";"";"";
"R19";"1K";"R-US_R0402";"R0402";"RESISTOR, American symbol";"";"";"";"YES";"";"C11702";"";"UNI-ROYAL 0402WGF1001TCE";"";"";"";"";
"R20";"1K";"R-US_R0402";"R0402";"RESISTOR, American symbol";"";"";"";"YES";"";"C11702";"";"UNI-ROYAL 0402WGF1001TCE";"";"";"";"";
"R21";"1K";"R-US_R0402";"R0402";"RESISTOR, American symbol";"";"";"";"YES";"";"C11702";"";"UNI-ROYAL 0402WGF1001TCE";"";"";"";"";
"R22";"1K";"R-US_R0402";"R0402";"RESISTOR, American symbol";"";"";"";"YES";"";"C11702";"";"UNI-ROYAL 0402WGF1001TCE";"";"";"";"";
"R23";"15/5%";"R-US_M0805";"M0805";"RESISTOR, American symbol";"";"";"";"YES";"";"C17480";"";"Uniroyal 0805W8F150JT5E";"";"";"";"";
"R24";"39k/0.1%";"R-US_R0603";"R0603";"RESISTOR, American symbol";".079";".161";"";"no";"";"C39048";"";"Uniroyal Elec TC0325B3902T5E";"";"";"Susumu RG1608P-3922-B-T5";"";
"R25";"15/5%";"R-US_M0805";"M0805";"RESISTOR, American symbol";"";"";"";"YES";"";"C17480";"";"Uniroyal 0805W8F150JT5E";"";"";"";"";
"R26";"15/5%";"R-US_M0805";"M0805";"RESISTOR, American symbol";"";"";"";"YES";"";"C17480";"";"Uniroyal 0805W8F150JT5E";"";"";"";"";
"R27";"15/5%";"R-US_M0805";"M0805";"RESISTOR, American symbol";"";"";"";"YES";"";"C17480";"";"Uniroyal 0805W8F150JT5E";"";"";"";"";
"R28";"15/5%";"R-US_M0805";"M0805";"RESISTOR, American symbol";"";"";"";"YES";"";"C17480";"";"Uniroyal 0805W8F150JT5E";"";"";"";"";
"R29";"15/5%";"R-US_M0805";"M0805";"RESISTOR, American symbol";"";"";"";"YES";"";"C17480";"";"Uniroyal 0805W8F150JT5E";"";"";"";"";
"R30";"15/5%";"R-US_M0805";"M0805";"RESISTOR, American symbol";"";"";"";"YES";"";"C17480";"";"Uniroyal 0805W8F150JT5E";"";"";"";"";
"R31";"15/5%";"R-US_M0805";"M0805";"RESISTOR, American symbol";"";"";"";"YES";"";"C17480";"";"Uniroyal 0805W8F150JT5E";"";"";"";"";
"R32";"15/5%";"R-US_M0805";"M0805";"RESISTOR, American symbol";"";"";"";"YES";"";"C17480";"";"Uniroyal 0805W8F150JT5E";"";"";"";"";
"R33";"15/5%";"R-US_M0805";"M0805";"RESISTOR, American symbol";"";"";"";"YES";"";"C17480";"";"Uniroyal 0805W8F150JT5E";"";"";"";"";
"R34";"15/5%";"R-US_M0805";"M0805";"RESISTOR, American symbol";"";"";"";"YES";"";"C17480";"";"Uniroyal 0805W8F150JT5E";"";"";"";"";
"R35";"15/5%";"R-US_M0805";"M0805";"RESISTOR, American symbol";"";"";"";"YES";"";"C17480";"";"Uniroyal 0805W8F150JT5E";"";"";"";"";
"R36";"15/5%";"R-US_M0805";"M0805";"RESISTOR, American symbol";"";"";"";"YES";"";"C17480";"";"Uniroyal 0805W8F150JT5E";"";"";"";"";
"R37";"15/5%";"R-US_M0805";"M0805";"RESISTOR, American symbol";"";"";"";"YES";"";"C17480";"";"Uniroyal 0805W8F150JT5E";"";"";"";"";
"R38";"15/5%";"R-US_M0805";"M0805";"RESISTOR, American symbol";"";"";"";"YES";"";"C17480";"";"Uniroyal 0805W8F150JT5E";"";"";"";"";
"R39";"15/5%";"R-US_M0805";"M0805";"RESISTOR, American symbol";"";"";"";"YES";"";"C17480";"";"Uniroyal 0805W8F150JT5E";"";"";"";"";
"R40";"15/5%";"R-US_M0805";"M0805";"RESISTOR, American symbol";"";"";"";"YES";"";"C17480";"";"Uniroyal 0805W8F150JT5E";"";"";"";"";
"R41";"15/5%";"R-US_M0805";"M0805";"RESISTOR, American symbol";"";"";"";"YES";"";"C17480";"";"Uniroyal 0805W8F150JT5E";"";"";"";"";
"R42";"15/5%";"R-US_M0805";"M0805";"RESISTOR, American symbol";"";"";"";"YES";"";"C17480";"";"Uniroyal 0805W8F150JT5E";"";"";"";"";
"R43";"15/5%";"R-US_M0805";"M0805";"RESISTOR, American symbol";"";"";"";"YES";"";"C17480";"";"Uniroyal 0805W8F150JT5E";"";"";"";"";
"R44";"15/5%";"R-US_M0805";"M0805";"RESISTOR, American symbol";"";"";"";"YES";"";"C17480";"";"Uniroyal 0805W8F150JT5E";"";"";"";"";
"R45";"15/5%";"R-US_M0805";"M0805";"RESISTOR, American symbol";"";"";"";"YES";"";"C17480";"";"Uniroyal 0805W8F150JT5E";"";"";"";"";
"R46";"15/5%";"R-US_M0805";"M0805";"RESISTOR, American symbol";"";"";"";"YES";"";"C17480";"";"Uniroyal 0805W8F150JT5E";"";"";"";"";
"R47";"15/5%";"R-US_M0805";"M0805";"RESISTOR, American symbol";"";"";"";"YES";"";"C17480";"";"Uniroyal 0805W8F150JT5E";"";"";"";"";
"R48";"330";"R-US_R0603";"R0603";"RESISTOR, American symbol";"";"";"";"YES";"";"C23138";"";"0603WAF3300T5E";"";"";"";"";
"R49";"15/5%";"R-US_M0805";"M0805";"RESISTOR, American symbol";"";"";"";"YES";"";"C17480";"";"Uniroyal 0805W8F150JT5E";"";"";"";"";
"R50";"15/5%";"R-US_M0805";"M0805";"RESISTOR, American symbol";"";"";"";"YES";"";"C17480";"";"Uniroyal 0805W8F150JT5E";"";"";"";"";
"R51";"15/5%";"R-US_M0805";"M0805";"RESISTOR, American symbol";"";"";"";"YES";"";"C17480";"";"Uniroyal 0805W8F150JT5E";"";"";"";"";
"R52";"15/5%";"R-US_M0805";"M0805";"RESISTOR, American symbol";"";"";"";"YES";"";"C17480";"";"Uniroyal 0805W8F150JT5E";"";"";"";"";
"R53";"15/5%";"R-US_M0805";"M0805";"RESISTOR, American symbol";"";"";"";"YES";"";"C17480";"";"Uniroyal 0805W8F150JT5E";"";"";"";"";
"R54";"15/5%";"R-US_M0805";"M0805";"RESISTOR, American symbol";"";"";"";"YES";"";"C17480";"";"Uniroyal 0805W8F150JT5E";"";"";"";"";
"R55";"15/5%";"R-US_M0805";"M0805";"RESISTOR, American symbol";"";"";"";"YES";"";"C17480";"";"Uniroyal 0805W8F150JT5E";"";"";"";"";
"R56";"15/5%";"R-US_M0805";"M0805";"RESISTOR, American symbol";"";"";"";"YES";"";"C17480";"";"Uniroyal 0805W8F150JT5E";"";"";"";"";
"R57";"10M";"R-US_R0603";"R0603";"RESISTOR, American symbol";".00525";".0117";"";"YES";"";"C26082";"";"UNI-ROYAL(Uniroyal Elec) 0402WGF1005TCE";"";"";"Bourns CR0603-JW-106ELF";"";
"R59";"39k/0.1%";"R-US_R0603";"R0603";"RESISTOR, American symbol";".079";".161";"";"no";"";"C39048";"";"Uniroyal Elec TC0325B3902T5E";"";"";"Susumu RG1608P-3922-B-T5";"";
"R60";"1M";"R-US_R0402";"R0402";"RESISTOR, American symbol";"";"";"";"YES";"";"C26083";"";"0402WGF1004TCE";"";"";"";"";
"R61";"1K";"R-US_R0402";"R0402";"RESISTOR, American symbol";"";"";"";"YES";"";"C11702";"";"UNI-ROYAL 0402WGF1001TCE";"";"";"";"";
"R62";"1M";"R-US_R0402";"R0402";"RESISTOR, American symbol";"";"";"";"YES";"";"C26083";"";"0402WGF1004TCE";"";"";"";"";
"R63";"1M";"R-US_R0402";"R0402";"RESISTOR, American symbol";"";"";"";"YES";"";"C26083";"";"0402WGF1004TCE";"";"";"";"";
"R64";"1M";"R-US_R0402";"R0402";"RESISTOR, American symbol";"";"";"";"YES";"";"C26083";"";"0402WGF1004TCE";"";"";"";"";
"R65";"1M";"R-US_R0402";"R0402";"RESISTOR, American symbol";"";"";"";"YES";"";"C26083";"";"0402WGF1004TCE";"";"";"";"";
"R66";"2.2K";"R-US_R0402";"R0402";"RESISTOR, American symbol";"";"";"";"YES";"YES";"C25879";"";"Uniroyal Elec 0402WGF2201TCE";"";"";"";"";
"R67";"2.2K";"R-US_R0402";"R0402";"RESISTOR, American symbol";"";"";"";"YES";"YES";"C25879";"";"Uniroyal Elec 0402WGF2201TCE";"";"";"";"";
"R68";"2.2K";"R-US_R0402";"R0402";"RESISTOR, American symbol";"";"";"";"YES";"";"C25879";"";"Uniroyal Elec 0402WGF2201TCE";"";"";"";"";
"R69";"10k";"R-EU_R1206";"R1206";"RESISTOR, European symbol";"";"";"";"";"";"C17902";"";"UNI-ROYAL(Uniroyal Elec) 1206W4F1002T5E";"";"";"";"";
"R70";"10k";"R-EU_R1206";"R1206";"RESISTOR, European symbol";"";"";"";"";"";"C17902";"";"UNI-ROYAL(Uniroyal Elec) 1206W4F1002T5E";"";"";"";"";
"R71";"10k";"R-EU_R1206";"R1206";"RESISTOR, European symbol";"";"";"";"";"";"C17902";"";"UNI-ROYAL(Uniroyal Elec) 1206W4F1002T5E";"";"";"";"";
"R72";"10k";"R-EU_R1206";"R1206";"RESISTOR, European symbol";"";"";"";"";"";"C17902";"";"UNI-ROYAL(Uniroyal Elec) 1206W4F1002T5E";"";"";"";"";
"R73";"10k";"R-EU_R1206";"R1206";"RESISTOR, European symbol";"";"";"";"";"";"C17902";"";"UNI-ROYAL(Uniroyal Elec) 1206W4F1002T5E";"";"";"";"";
"R74";"10k";"R-EU_R1206";"R1206";"RESISTOR, European symbol";"";"";"";"";"";"C17902";"";"UNI-ROYAL(Uniroyal Elec) 1206W4F1002T5E";"";"";"";"";
"SW1";""REBOOT"";"PUSH-BUTTON-SMD-6X6MM-TACT";"PUSH-BUTTON-SMD";"Push-Button. Wurth WS-TASV 6x6mm SMD. Such as PN 430 451 025 836";"";"";"";"NO";"";"C318886";"";"XKB Enterprise TS-1187A-C-G-B ";"";"";"";"";
"T1";"MMBT3904";"MMBT3904LT1-NPN-SOT23-BEC";"SOT23-BEC";"NPN Transistror";".02";".062";"";"YES";"";"C20526";"";"Changjiang MMBT3904";"";"";"";"";
"T2";"MMBT3904";"MMBT3904LT1-NPN-SOT23-BEC";"SOT23-BEC";"NPN Transistror";".02";".062";"";"YES";"";"C20526";"";"Changjiang MMBT3904";"";"";"";"";
"TP+3.3VREF";"LSP10";"LSP10";"LSP10";"SOLDER PAD drill 1.0 mm, distributor Buerklin, 12H555";"";"";"";"";"";"";"";"";"";"";"";"";
"TP+3.7V";"LSP10";"LSP10";"LSP10";"SOLDER PAD drill 1.0 mm, distributor Buerklin, 12H555";"";"";"";"";"YES";"";"";"";"";"";"";"";
"TP-FANBD";"LSP10";"LSP10";"LSP10";"SOLDER PAD drill 1.0 mm, distributor Buerklin, 12H555";"";"";"";"";"YES";"";"";"";"";"";"";"";
"TP-HI-HEAT";"LSP10";"LSP10";"LSP10";"SOLDER PAD drill 1.0 mm, distributor Buerklin, 12H555";"";"";"";"";"YES";"";"";"";"";"";"";"";
"TP-IBLOCK";"LSP10";"LSP10";"LSP10";"SOLDER PAD drill 1.0 mm, distributor Buerklin, 12H555";"";"";"";"";"YES";"";"";"";"";"";"";"";
"TP-LO-HEAT";"LSP10";"LSP10";"LSP10";"SOLDER PAD drill 1.0 mm, distributor Buerklin, 12H555";"";"";"";"";"YES";"";"";"";"";"";"";"";
"TPFUSE1";"LSP10";"LSP10";"LSP10";"SOLDER PAD drill 1.0 mm, distributor Buerklin, 12H555";"";"";"";"";"";"";"";"";"";"";"";"";
"TPFUSE1B";"LSP10";"LSP10";"LSP10";"SOLDER PAD drill 1.0 mm, distributor Buerklin, 12H555";"";"";"";"";"";"";"";"";"";"";"";"";
"TPFUSE2";"SOLPAD1.2MMDRILL";"SOLPAD1.2MMDRILL";"SOLPADWITH1.2MMDRILL";"";"";"";"";"";"";"";"";"";"";"";"";"";
"TPFUSE2B";"LSP10";"LSP10";"LSP10";"SOLDER PAD drill 1.0 mm, distributor Buerklin, 12H555";"";"";"";"";"";"";"";"";"";"";"";"";
"X1";"24Mhz";"TXX-3225-FA-238";"32.X2.5-4PAD";"Epson Seiko crystal xtal oscillator in TXX-3225 and FA-238 packages";"";"";"";"NO";"";"C89577";"";"Seiko Epson X1E000021012700(0G)";"";"";"";"";
"X2";"32.768kHz";"FC-135-XTAL";"FC-135-CRYSTAL";"FC-135 Seiko Crystal Osciillator in 3215 package";"";"";"";"YES";"";"C32346";"";"Seiko Epson Q13FC1350000400";"";"";"";"";
